root_domain,in_local_dataset,organization_names,evidence_hostnames,source_fields,source_url,source_commit,verification_status
biti.edu.cn,False,Beijing Information Science and Technology University,biti.edu.cn; www.biti.edu.cn,domains; web_pages,https://github.com/Hipo/university-domains-list/blob/603e10f51b67c6553b9bca9aecc0db4c2417ed10/world_universities_and_domains.json,603e10f51b67c6553b9bca9aecc0db4c2417ed10,Candidate only; CERNIC and DNS not queried
bjaeu.edu.cn,False,China Agriculture University East,bjaeu.edu.cn; www.bjaeu.edu.cn,domains; web_pages,https://github.com/Hipo/university-domains-list/blob/603e10f51b67c6553b9bca9aecc0db4c2417ed10/world_universities_and_domains.json,603e10f51b67c6553b9bca9aecc0db4c2417ed10,Candidate only; CERNIC and DNS not queried
bjpeu.edu.cn,False,Beijing Petroleum University,bjpeu.edu.cn; www.bjpeu.edu.cn,domains; web_pages,https://github.com/Hipo/university-domains-list/blob/603e10f51b67c6553b9bca9aecc0db4c2417ed10/world_universities_and_domains.json,603e10f51b67c6553b9bca9aecc0db4c2417ed10,Candidate only; CERNIC and DNS not queried
bjpu.edu.cn,False,Beijing Polytechnic University,bjpu.edu.cn; www.bjpu.edu.cn,domains; web_pages,https://github.com/Hipo/university-domains-list/blob/603e10f51b67c6553b9bca9aecc0db4c2417ed10/world_universities_and_domains.json,603e10f51b67c6553b9bca9aecc0db4c2417ed10,Candidate only; CERNIC and DNS not queried
bjucmp.edu.cn,False,Beijing University of Chinese Medicine and Pharmacology,bjucmp.edu.cn; www.bjucmp.edu.cn,domains; web_pages,https://github.com/Hipo/university-domains-list/blob/603e10f51b67c6553b9bca9aecc0db4c2417ed10/world_universities_and_domains.json,603e10f51b67c6553b9bca9aecc0db4c2417ed10,Candidate only; CERNIC and DNS not queried
cdutcm.edu.cn,False,Chengdu University of Traditional Chinese Medicine,cdutcm.edu.cn; www.cdutcm.edu.cn,domains; web_pages,https://github.com/Hipo/university-domains-list/blob/603e10f51b67c6553b9bca9aecc0db4c2417ed10/world_universities_and_domains.json,603e10f51b67c6553b9bca9aecc0db4c2417ed10,Candidate only; CERNIC and DNS not queried
cppsu.edu.cn,False,Chinese People's Public Security University,cppsu.edu.cn; www.cppsu.edu.cn,domains; web_pages,https://github.com/Hipo/university-domains-list/blob/603e10f51b67c6553b9bca9aecc0db4c2417ed10/world_universities_and_domains.json,603e10f51b67c6553b9bca9aecc0db4c2417ed10,Candidate only; CERNIC and DNS not queried
cpums.edu.cn,False,Capital University of Medical Sciences,cpums.edu.cn; www.cpums.edu.cn,domains; web_pages,https://github.com/Hipo/university-domains-list/blob/603e10f51b67c6553b9bca9aecc0db4c2417ed10/world_universities_and_domains.json,603e10f51b67c6553b9bca9aecc0db4c2417ed10,Candidate only; CERNIC and DNS not queried
cquc.edu.cn,False,Chongqing University of Communications,cquc.edu.cn; www.cquc.edu.cn,domains; web_pages,https://github.com/Hipo/university-domains-list/blob/603e10f51b67c6553b9bca9aecc0db4c2417ed10/world_universities_and_domains.json,603e10f51b67c6553b9bca9aecc0db4c2417ed10,Candidate only; CERNIC and DNS not queried
csfu.edu.cn,False,Central South Forestry University,csfu.edu.cn; www.csfu.edu.cn,domains; web_pages,https://github.com/Hipo/university-domains-list/blob/603e10f51b67c6553b9bca9aecc0db4c2417ed10/world_universities_and_domains.json,603e10f51b67c6553b9bca9aecc0db4c2417ed10,Candidate only; CERNIC and DNS not queried
csru.edu.cn,False,Changsha Railway University,csru.edu.cn; www.csru.edu.cn,domains; web_pages,https://github.com/Hipo/university-domains-list/blob/603e10f51b67c6553b9bca9aecc0db4c2417ed10/world_universities_and_domains.json,603e10f51b67c6553b9bca9aecc0db4c2417ed10,Candidate only; CERNIC and DNS not queried
csuep.edu.cn,False,Changsha University of Electric Power,csuep.edu.cn; www.csuep.edu.cn,domains; web_pages,https://github.com/Hipo/university-domains-list/blob/603e10f51b67c6553b9bca9aecc0db4c2417ed10/world_universities_and_domains.json,603e10f51b67c6553b9bca9aecc0db4c2417ed10,Candidate only; CERNIC and DNS not queried
cun.edu.cn,False,Central University for Nationalities,cun.edu.cn; www.cun.edu.cn,domains; web_pages,https://github.com/Hipo/university-domains-list/blob/603e10f51b67c6553b9bca9aecc0db4c2417ed10/world_universities_and_domains.json,603e10f51b67c6553b9bca9aecc0db4c2417ed10,Candidate only; CERNIC and DNS not queried
dnui.edu.cn,False,Dalian Neusoft University of Information,dnui.edu.cn,domains; web_pages,https://github.com/Hipo/university-domains-list/blob/603e10f51b67c6553b9bca9aecc0db4c2417ed10/world_universities_and_domains.json,603e10f51b67c6553b9bca9aecc0db4c2417ed10,Candidate only; CERNIC and DNS not queried
fimmu.edu.cn,False,Southern Medial University,fimmu.edu.cn; www.fimmu.edu.cn,domains; web_pages,https://github.com/Hipo/university-domains-list/blob/603e10f51b67c6553b9bca9aecc0db4c2417ed10/world_universities_and_domains.json,603e10f51b67c6553b9bca9aecc0db4c2417ed10,Candidate only; CERNIC and DNS not queried
fspu.edu.cn,False,Fushun Petroleum University,fspu.edu.cn; www.fspu.edu.cn,domains; web_pages,https://github.com/Hipo/university-domains-list/blob/603e10f51b67c6553b9bca9aecc0db4c2417ed10/world_universities_and_domains.json,603e10f51b67c6553b9bca9aecc0db4c2417ed10,Candidate only; CERNIC and DNS not queried
gdin.edu.cn,False,Guangdong Polytechnic Normal University,gdin.edu.cn; www.gdin.edu.cn,domains; web_pages,https://github.com/Hipo/university-domains-list/blob/603e10f51b67c6553b9bca9aecc0db4c2417ed10/world_universities_and_domains.json,603e10f51b67c6553b9bca9aecc0db4c2417ed10,Candidate only; CERNIC and DNS not queried
guangztc.edu.cn,False,Guangzhou Normal University,guangztc.edu.cn; www.guangztc.edu.cn,domains; web_pages,https://github.com/Hipo/university-domains-list/blob/603e10f51b67c6553b9bca9aecc0db4c2417ed10/world_universities_and_domains.json,603e10f51b67c6553b9bca9aecc0db4c2417ed10,Candidate only; CERNIC and DNS not queried
gzsums.edu.cn,False,Sun Yat-Sen University of Medical Sciences,gzsums.edu.cn; www.gzsums.edu.cn,domains; web_pages,https://github.com/Hipo/university-domains-list/blob/603e10f51b67c6553b9bca9aecc0db4c2417ed10/world_universities_and_domains.json,603e10f51b67c6553b9bca9aecc0db4c2417ed10,Candidate only; CERNIC and DNS not queried
hbc.edu.cn,False,Hubei Business College,hbc.edu.cn; www.hbc.edu.cn,domains; web_pages,https://github.com/Hipo/university-domains-list/blob/603e10f51b67c6553b9bca9aecc0db4c2417ed10/world_universities_and_domains.json,603e10f51b67c6553b9bca9aecc0db4c2417ed10,Candidate only; CERNIC and DNS not queried
hdpu.edu.cn,False,University of Petroleum (East China),hdpu.edu.cn; www.hdpu.edu.cn,domains; web_pages,https://github.com/Hipo/university-domains-list/blob/603e10f51b67c6553b9bca9aecc0db4c2417ed10/world_universities_and_domains.json,603e10f51b67c6553b9bca9aecc0db4c2417ed10,Candidate only; CERNIC and DNS not queried
hlaflru.edu.cn,False,Heilongjiang August 1st Reclamation University,hlaflru.edu.cn; www.hlaflru.edu.cn,domains; web_pages,https://github.com/Hipo/university-domains-list/blob/603e10f51b67c6553b9bca9aecc0db4c2417ed10/world_universities_and_domains.json,603e10f51b67c6553b9bca9aecc0db4c2417ed10,Candidate only; CERNIC and DNS not queried
hljcu.edu.cn,False,Heilongjiang Commercial University,hljcu.edu.cn; www.hljcu.edu.cn,domains; web_pages,https://github.com/Hipo/university-domains-list/blob/603e10f51b67c6553b9bca9aecc0db4c2417ed10/world_universities_and_domains.json,603e10f51b67c6553b9bca9aecc0db4c2417ed10,Candidate only; CERNIC and DNS not queried
hrbucea.edu.cn,False,Harbin University of Civil Engineering & Architecture,hrbucea.edu.cn; www.hrbucea.edu.cn,domains; web_pages,https://github.com/Hipo/university-domains-list/blob/603e10f51b67c6553b9bca9aecc0db4c2417ed10/world_universities_and_domains.json,603e10f51b67c6553b9bca9aecc0db4c2417ed10,Candidate only; CERNIC and DNS not queried
ibub.edu.cn,False,International Business University of Beijing,ibub.edu.cn; www.ibub.edu.cn,domains; web_pages,https://github.com/Hipo/university-domains-list/blob/603e10f51b67c6553b9bca9aecc0db4c2417ed10/world_universities_and_domains.json,603e10f51b67c6553b9bca9aecc0db4c2417ed10,Candidate only; CERNIC and DNS not queried
impu.edu.cn,False,Inner Mongolia Polytechnic University,impu.edu.cn; www.impu.edu.cn,domains; web_pages,https://github.com/Hipo/university-domains-list/blob/603e10f51b67c6553b9bca9aecc0db4c2417ed10/world_universities_and_domains.json,603e10f51b67c6553b9bca9aecc0db4c2417ed10,Candidate only; CERNIC and DNS not queried
jut.edu.cn,False,Jilin University of Technology,jut.edu.cn; www.jut.edu.cn,domains; web_pages,https://github.com/Hipo/university-domains-list/blob/603e10f51b67c6553b9bca9aecc0db4c2417ed10/world_universities_and_domains.json,603e10f51b67c6553b9bca9aecc0db4c2417ed10,Candidate only; CERNIC and DNS not queried
lctu.edu.cn,False,Liaocheng Teachers University,lctu.edu.cn; www.lctu.edu.cn,domains; web_pages,https://github.com/Hipo/university-domains-list/blob/603e10f51b67c6553b9bca9aecc0db4c2417ed10/world_universities_and_domains.json,603e10f51b67c6553b9bca9aecc0db4c2417ed10,Candidate only; CERNIC and DNS not queried
lzmc.edu.cn,False,Luzhou Medical College,lzmc.edu.cn; www.lzmc.edu.cn,domains; web_pages,https://github.com/Hipo/university-domains-list/blob/603e10f51b67c6553b9bca9aecc0db4c2417ed10/world_universities_and_domains.json,603e10f51b67c6553b9bca9aecc0db4c2417ed10,Candidate only; CERNIC and DNS not queried
nbut.edu.cn,False,Ningbo University of Technology,nbut.edu.cn; www.nbut.edu.cn,domains; web_pages,https://github.com/Hipo/university-domains-list/blob/603e10f51b67c6553b9bca9aecc0db4c2417ed10/world_universities_and_domains.json,603e10f51b67c6553b9bca9aecc0db4c2417ed10,Candidate only; CERNIC and DNS not queried
ncepubj.edu.cn,False,North China Electric Power University,ncepubj.edu.cn; www.ncepubj.edu.cn,domains; web_pages,https://github.com/Hipo/university-domains-list/blob/603e10f51b67c6553b9bca9aecc0db4c2417ed10/world_universities_and_domains.json,603e10f51b67c6553b9bca9aecc0db4c2417ed10,Candidate only; CERNIC and DNS not queried
njim.edu.cn,False,Nanjing Institute of Meteorology,njim.edu.cn; www.njim.edu.cn,domains; web_pages,https://github.com/Hipo/university-domains-list/blob/603e10f51b67c6553b9bca9aecc0db4c2417ed10/world_universities_and_domains.json,603e10f51b67c6553b9bca9aecc0db4c2417ed10,Candidate only; CERNIC and DNS not queried
njuct.edu.cn,False,Nanjing University of Chemical Technology,njuct.edu.cn; www.njuct.edu.cn,domains; web_pages,https://github.com/Hipo/university-domains-list/blob/603e10f51b67c6553b9bca9aecc0db4c2417ed10/world_universities_and_domains.json,603e10f51b67c6553b9bca9aecc0db4c2417ed10,Candidate only; CERNIC and DNS not queried
nxmc.edu.cn,False,Ningxia Medical College,nxmc.edu.cn; www.nxmc.edu.cn,domains; web_pages,https://github.com/Hipo/university-domains-list/blob/603e10f51b67c6553b9bca9aecc0db4c2417ed10/world_universities_and_domains.json,603e10f51b67c6553b9bca9aecc0db4c2417ed10,Candidate only; CERNIC and DNS not queried
qzu.edu.cn,False,Qiongzhou University,qzu.edu.cn; www.qzu.edu.cn,domains; web_pages,https://github.com/Hipo/university-domains-list/blob/603e10f51b67c6553b9bca9aecc0db4c2417ed10/world_universities_and_domains.json,603e10f51b67c6553b9bca9aecc0db4c2417ed10,Candidate only; CERNIC and DNS not queried
sccu.edu.cn,False,South China Construction University,sccu.edu.cn; www.sccu.edu.cn,domains; web_pages,https://github.com/Hipo/university-domains-list/blob/603e10f51b67c6553b9bca9aecc0db4c2417ed10/world_universities_and_domains.json,603e10f51b67c6553b9bca9aecc0db4c2417ed10,Candidate only; CERNIC and DNS not queried
shift.edu.cn,False,Shanghai Institue of Foreign Trade,shift.edu.cn; www.shift.edu.cn,domains; web_pages,https://github.com/Hipo/university-domains-list/blob/603e10f51b67c6553b9bca9aecc0db4c2417ed10/world_universities_and_domains.json,603e10f51b67c6553b9bca9aecc0db4c2417ed10,Candidate only; CERNIC and DNS not queried
shtdu.edu.cn,False,Shanghai TieDao University,shtdu.edu.cn; www.shtdu.edu.cn,domains; web_pages,https://github.com/Hipo/university-domains-list/blob/603e10f51b67c6553b9bca9aecc0db4c2417ed10/world_universities_and_domains.json,603e10f51b67c6553b9bca9aecc0db4c2417ed10,Candidate only; CERNIC and DNS not queried
swau.edu.cn,False,Southwest Agricultural University,swau.edu.cn; www.swau.edu.cn,domains; web_pages,https://github.com/Hipo/university-domains-list/blob/603e10f51b67c6553b9bca9aecc0db4c2417ed10/world_universities_and_domains.json,603e10f51b67c6553b9bca9aecc0db4c2417ed10,Candidate only; CERNIC and DNS not queried
swnu.edu.cn,False,Southwest University,swnu.edu.cn; www.swnu.edu.cn,domains; web_pages,https://github.com/Hipo/university-domains-list/blob/603e10f51b67c6553b9bca9aecc0db4c2417ed10/world_universities_and_domains.json,603e10f51b67c6553b9bca9aecc0db4c2417ed10,Candidate only; CERNIC and DNS not queried
swuyc.edu.cn,False,South West University Yucai College,swuyc.edu.cn; www.swuyc.edu.cn,domains; web_pages,https://github.com/Hipo/university-domains-list/blob/603e10f51b67c6553b9bca9aecc0db4c2417ed10/world_universities_and_domains.json,603e10f51b67c6553b9bca9aecc0db4c2417ed10,Candidate only; CERNIC and DNS not queried
syict.edu.cn,False,Shenyang Institute of Chemical Technology,syict.edu.cn; www.syict.edu.cn,domains; web_pages,https://github.com/Hipo/university-domains-list/blob/603e10f51b67c6553b9bca9aecc0db4c2417ed10/world_universities_and_domains.json,603e10f51b67c6553b9bca9aecc0db4c2417ed10,Candidate only; CERNIC and DNS not queried
sypu.edu.cn,False,Shenyang Polytechnic University,sypu.edu.cn; www.sypu.edu.cn,domains; web_pages,https://github.com/Hipo/university-domains-list/blob/603e10f51b67c6553b9bca9aecc0db4c2417ed10/world_universities_and_domains.json,603e10f51b67c6553b9bca9aecc0db4c2417ed10,Candidate only; CERNIC and DNS not queried
sytu.edu.cn,False,Southern Yangtze University,sytu.edu.cn; www.sytu.edu.cn,domains; web_pages,https://github.com/Hipo/university-domains-list/blob/603e10f51b67c6553b9bca9aecc0db4c2417ed10/world_universities_and_domains.json,603e10f51b67c6553b9bca9aecc0db4c2417ed10,Candidate only; CERNIC and DNS not queried
ttmc.edu.cn,False,Tibet Tibetan Medical College,ttmc.edu.cn; www.ttmc.edu.cn,domains; web_pages,https://github.com/Hipo/university-domains-list/blob/603e10f51b67c6553b9bca9aecc0db4c2417ed10/world_universities_and_domains.json,603e10f51b67c6553b9bca9aecc0db4c2417ed10,Candidate only; CERNIC and DNS not queried
uheeyc.edu.cn,False,University of Hydraulic Electric Engineering,uheeyc.edu.cn; www.uheeyc.edu.cn,domains; web_pages,https://github.com/Hipo/university-domains-list/blob/603e10f51b67c6553b9bca9aecc0db4c2417ed10/world_universities_and_domains.json,603e10f51b67c6553b9bca9aecc0db4c2417ed10,Candidate only; CERNIC and DNS not queried
wcums.edu.cn,False,West China University of Medical Sciences,wcums.edu.cn; www.wcums.edu.cn,domains; web_pages,https://github.com/Hipo/university-domains-list/blob/603e10f51b67c6553b9bca9aecc0db4c2417ed10/world_universities_and_domains.json,603e10f51b67c6553b9bca9aecc0db4c2417ed10,Candidate only; CERNIC and DNS not queried
whapu.edu.cn,False,Wuhan Automobile Polytechnical University,whapu.edu.cn; www.whapu.edu.cn,domains; web_pages,https://github.com/Hipo/university-domains-list/blob/603e10f51b67c6553b9bca9aecc0db4c2417ed10/world_universities_and_domains.json,603e10f51b67c6553b9bca9aecc0db4c2417ed10,Candidate only; CERNIC and DNS not queried
whtu.edu.cn,False,Wuhan Transportation University,whtu.edu.cn; www.whtu.edu.cn,domains; web_pages,https://github.com/Hipo/university-domains-list/blob/603e10f51b67c6553b9bca9aecc0db4c2417ed10/world_universities_and_domains.json,603e10f51b67c6553b9bca9aecc0db4c2417ed10,Candidate only; CERNIC and DNS not queried
wtusm.edu.cn,False,Wuhan Technical University of Surveying and Mapping,wtusm.edu.cn; www.wtusm.edu.cn,domains; web_pages,https://github.com/Hipo/university-domains-list/blob/603e10f51b67c6553b9bca9aecc0db4c2417ed10/world_universities_and_domains.json,603e10f51b67c6553b9bca9aecc0db4c2417ed10,Candidate only; CERNIC and DNS not queried
wuhee.edu.cn,False,Wuhan University of Hydraulic and Electric Engineering,wuhee.edu.cn; www.wuhee.edu.cn,domains; web_pages,https://github.com/Hipo/university-domains-list/blob/603e10f51b67c6553b9bca9aecc0db4c2417ed10/world_universities_and_domains.json,603e10f51b67c6553b9bca9aecc0db4c2417ed10,Candidate only; CERNIC and DNS not queried
wxuli.edu.cn,False,Wuxi University of Light Industry,www.wxuli.edu.cn; wxuli.edu.cn,domains; web_pages,https://github.com/Hipo/university-domains-list/blob/603e10f51b67c6553b9bca9aecc0db4c2417ed10/world_universities_and_domains.json,603e10f51b67c6553b9bca9aecc0db4c2417ed10,Candidate only; CERNIC and DNS not queried
ybust.edu.cn,False,Yanbian University of Science and Technology,www.ybust.edu.cn; ybust.edu.cn,domains; web_pages,https://github.com/Hipo/university-domains-list/blob/603e10f51b67c6553b9bca9aecc0db4c2417ed10/world_universities_and_domains.json,603e10f51b67c6553b9bca9aecc0db4c2417ed10,Candidate only; CERNIC and DNS not queried
ytet.edu.cn,False,Yantai Education Institute & Yantai Television University,www.ytet.edu.cn; ytet.edu.cn,domains; web_pages,https://github.com/Hipo/university-domains-list/blob/603e10f51b67c6553b9bca9aecc0db4c2417ed10/world_universities_and_domains.json,603e10f51b67c6553b9bca9aecc0db4c2417ed10,Candidate only; CERNIC and DNS not queried
zhnut.edu.cn,False,Zhongnan University of Technology,www.zhnut.edu.cn; zhnut.edu.cn,domains; web_pages,https://github.com/Hipo/university-domains-list/blob/603e10f51b67c6553b9bca9aecc0db4c2417ed10/world_universities_and_domains.json,603e10f51b67c6553b9bca9aecc0db4c2417ed10,Candidate only; CERNIC and DNS not queried
znufe.edu.cn,False,Zhongnan University of Finance and Economics,www.znufe.edu.cn; znufe.edu.cn,domains; web_pages,https://github.com/Hipo/university-domains-list/blob/603e10f51b67c6553b9bca9aecc0db4c2417ed10/world_universities_and_domains.json,603e10f51b67c6553b9bca9aecc0db4c2417ed10,Candidate only; CERNIC and DNS not queried
zsu.edu.cn,False,Zhongshan University,www.zsu.edu.cn; zsu.edu.cn,domains; web_pages,https://github.com/Hipo/university-domains-list/blob/603e10f51b67c6553b9bca9aecc0db4c2417ed10/world_universities_and_domains.json,603e10f51b67c6553b9bca9aecc0db4c2417ed10,Candidate only; CERNIC and DNS not queried
zzgc.edu.cn,False,Zhengzhou Grain University,www.zzgc.edu.cn; zzgc.edu.cn,domains; web_pages,https://github.com/Hipo/university-domains-list/blob/603e10f51b67c6553b9bca9aecc0db4c2417ed10/world_universities_and_domains.json,603e10f51b67c6553b9bca9aecc0db4c2417ed10,Candidate only; CERNIC and DNS not queried
zzut.edu.cn,False,Zhengzhou University of Technology,www.zzut.edu.cn; zzut.edu.cn,domains; web_pages,https://github.com/Hipo/university-domains-list/blob/603e10f51b67c6553b9bca9aecc0db4c2417ed10/world_universities_and_domains.json,603e10f51b67c6553b9bca9aecc0db4c2417ed10,Candidate only; CERNIC and DNS not queried
