root_domain,in_local_csv,source_paths,source_commit,verification_status
bac.edu.cn,False,lib/domains/cn/edu/bac.txt,b2dee08283cfee0ba43630779b6bf702bf5df76e,SWOT observed; DNS and CERNIC not checked in this comparison
ccdgut.edu.cn,False,lib/domains/cn/edu/ccdgut.txt,b2dee08283cfee0ba43630779b6bf702bf5df76e,SWOT observed; DNS and CERNIC not checked in this comparison
cduestc.edu.cn,False,lib/domains/cn/edu/cduestc.txt,b2dee08283cfee0ba43630779b6bf702bf5df76e,SWOT observed; DNS and CERNIC not checked in this comparison
chu.edu.cn,False,lib/domains/cn/edu/chu.txt,b2dee08283cfee0ba43630779b6bf702bf5df76e,SWOT observed; DNS and CERNIC not checked in this comparison
crtvu.edu.cn,False,lib/domains/cn/edu/crtvu.txt,b2dee08283cfee0ba43630779b6bf702bf5df76e,SWOT observed; DNS and CERNIC not checked in this comparison
cslg.edu.cn,False,lib/domains/cn/edu/cslg.txt,b2dee08283cfee0ba43630779b6bf702bf5df76e,SWOT observed; DNS and CERNIC not checked in this comparison
cupk.edu.cn,False,lib/domains/cn/edu/cupk.txt,b2dee08283cfee0ba43630779b6bf702bf5df76e,SWOT observed; DNS and CERNIC not checked in this comparison
cyc.edu.cn,False,lib/domains/cn/edu/cyc.txt,b2dee08283cfee0ba43630779b6bf702bf5df76e,SWOT observed; DNS and CERNIC not checked in this comparison
ecut.edu.cn,False,lib/domains/cn/edu/ecut.txt,b2dee08283cfee0ba43630779b6bf702bf5df76e,SWOT observed; DNS and CERNIC not checked in this comparison
fjau.edu.cn,False,lib/domains/cn/edu/fjau.txt,b2dee08283cfee0ba43630779b6bf702bf5df76e,SWOT observed; DNS and CERNIC not checked in this comparison
fynu.edu.cn,False,lib/domains/cn/edu/fynu.txt,b2dee08283cfee0ba43630779b6bf702bf5df76e,SWOT observed; DNS and CERNIC not checked in this comparison
fzfu.edu.cn,False,lib/domains/cn/edu/fzfu.txt,b2dee08283cfee0ba43630779b6bf702bf5df76e,SWOT observed; DNS and CERNIC not checked in this comparison
gdgm.edu.cn,False,lib/domains/cn/edu/gdgm/stu.txt,b2dee08283cfee0ba43630779b6bf702bf5df76e,SWOT observed; DNS and CERNIC not checked in this comparison
gdrtvu.edu.cn,False,lib/domains/cn/edu/gdrtvu.txt,b2dee08283cfee0ba43630779b6bf702bf5df76e,SWOT observed; DNS and CERNIC not checked in this comparison
gupt.edu.cn,False,lib/domains/cn/edu/gupt.txt,b2dee08283cfee0ba43630779b6bf702bf5df76e,SWOT observed; DNS and CERNIC not checked in this comparison
hainanu.edu.cn,False,lib/domains/cn/edu/hainanu.txt,b2dee08283cfee0ba43630779b6bf702bf5df76e,SWOT observed; DNS and CERNIC not checked in this comparison
hbhgkj.edu.cn,False,lib/domains/cn/edu/hbhgkj.txt,b2dee08283cfee0ba43630779b6bf702bf5df76e,SWOT observed; DNS and CERNIC not checked in this comparison
hebnu.edu.cn,False,lib/domains/cn/edu/hebnu.txt,b2dee08283cfee0ba43630779b6bf702bf5df76e,SWOT observed; DNS and CERNIC not checked in this comparison
hhuc.edu.cn,False,lib/domains/cn/edu/hhuc.txt,b2dee08283cfee0ba43630779b6bf702bf5df76e,SWOT observed; DNS and CERNIC not checked in this comparison
hnuit.edu.cn,False,lib/domains/cn/edu/hnuit.txt,b2dee08283cfee0ba43630779b6bf702bf5df76e,SWOT observed; DNS and CERNIC not checked in this comparison
htu.edu.cn,False,lib/domains/cn/edu/htu.txt,b2dee08283cfee0ba43630779b6bf702bf5df76e,SWOT observed; DNS and CERNIC not checked in this comparison
jou.edu.cn,False,lib/domains/cn/edu/jou.txt,b2dee08283cfee0ba43630779b6bf702bf5df76e,SWOT observed; DNS and CERNIC not checked in this comparison
jsust.edu.cn,False,lib/domains/cn/edu/jsust.txt,b2dee08283cfee0ba43630779b6bf702bf5df76e,SWOT observed; DNS and CERNIC not checked in this comparison
jsut.edu.cn,False,lib/domains/cn/edu/jsut.txt,b2dee08283cfee0ba43630779b6bf702bf5df76e,SWOT observed; DNS and CERNIC not checked in this comparison
jxust.edu.cn,False,lib/domains/cn/edu/jxust.txt; lib/domains/cn/edu/jxust/mail.txt,b2dee08283cfee0ba43630779b6bf702bf5df76e,SWOT observed; DNS and CERNIC not checked in this comparison
ldu.edu.cn,False,lib/domains/cn/edu/ldu.txt,b2dee08283cfee0ba43630779b6bf702bf5df76e,SWOT observed; DNS and CERNIC not checked in this comparison
ldzy.edu.cn,False,lib/domains/cn/edu/ldzy.txt,b2dee08283cfee0ba43630779b6bf702bf5df76e,SWOT observed; DNS and CERNIC not checked in this comparison
lynu.edu.cn,False,lib/domains/cn/edu/lynu.txt,b2dee08283cfee0ba43630779b6bf702bf5df76e,SWOT observed; DNS and CERNIC not checked in this comparison
mju.edu.cn,False,lib/domains/cn/edu/mju.txt,b2dee08283cfee0ba43630779b6bf702bf5df76e,SWOT observed; DNS and CERNIC not checked in this comparison
nanshan.edu.cn,False,lib/domains/cn/edu/nanshan.txt,b2dee08283cfee0ba43630779b6bf702bf5df76e,SWOT observed; DNS and CERNIC not checked in this comparison
neuq.edu.cn,False,lib/domains/cn/edu/neuq.txt,b2dee08283cfee0ba43630779b6bf702bf5df76e,SWOT observed; DNS and CERNIC not checked in this comparison
nfu.edu.cn,False,lib/domains/cn/edu/nfu/stu.txt,b2dee08283cfee0ba43630779b6bf702bf5df76e,SWOT observed; DNS and CERNIC not checked in this comparison
nnct.edu.cn,False,lib/domains/cn/edu/nnct.txt,b2dee08283cfee0ba43630779b6bf702bf5df76e,SWOT observed; DNS and CERNIC not checked in this comparison
nut.edu.cn,False,lib/domains/cn/edu/nut.txt,b2dee08283cfee0ba43630779b6bf702bf5df76e,SWOT observed; DNS and CERNIC not checked in this comparison
nwafu.edu.cn,False,lib/domains/cn/edu/nwafu.txt,b2dee08283cfee0ba43630779b6bf702bf5df76e,SWOT observed; DNS and CERNIC not checked in this comparison
sdcit.edu.cn,False,lib/domains/cn/edu/sdcit.txt,b2dee08283cfee0ba43630779b6bf702bf5df76e,SWOT observed; DNS and CERNIC not checked in this comparison
sdua.edu.cn,False,lib/domains/cn/edu/sdua/mail.txt,b2dee08283cfee0ba43630779b6bf702bf5df76e,SWOT observed; DNS and CERNIC not checked in this comparison
shcc.edu.cn,False,lib/domains/cn/edu/shcc.txt,b2dee08283cfee0ba43630779b6bf702bf5df76e,SWOT observed; DNS and CERNIC not checked in this comparison
shfu.edu.cn,False,lib/domains/cn/edu/shfu.txt,b2dee08283cfee0ba43630779b6bf702bf5df76e,SWOT observed; DNS and CERNIC not checked in this comparison
shmu.edu.cn,False,lib/domains/cn/edu/shmu.txt,b2dee08283cfee0ba43630779b6bf702bf5df76e,SWOT observed; DNS and CERNIC not checked in this comparison
shtu.edu.cn,False,lib/domains/cn/edu/shtu.txt,b2dee08283cfee0ba43630779b6bf702bf5df76e,SWOT observed; DNS and CERNIC not checked in this comparison
shtvu.edu.cn,False,lib/domains/cn/edu/shtvu.txt,b2dee08283cfee0ba43630779b6bf702bf5df76e,SWOT observed; DNS and CERNIC not checked in this comparison
sie.edu.cn,False,lib/domains/cn/edu/sie.txt,b2dee08283cfee0ba43630779b6bf702bf5df76e,SWOT observed; DNS and CERNIC not checked in this comparison
smbu.edu.cn,False,lib/domains/cn/edu/smbu.txt,b2dee08283cfee0ba43630779b6bf702bf5df76e,SWOT observed; DNS and CERNIC not checked in this comparison
smmu.edu.cn,False,lib/domains/cn/edu/smmu.txt,b2dee08283cfee0ba43630779b6bf702bf5df76e,SWOT observed; DNS and CERNIC not checked in this comparison
smu.edu.cn,False,lib/domains/cn/edu/smu.txt,b2dee08283cfee0ba43630779b6bf702bf5df76e,SWOT observed; DNS and CERNIC not checked in this comparison
sru.edu.cn,False,lib/domains/cn/edu/sru.txt,b2dee08283cfee0ba43630779b6bf702bf5df76e,SWOT observed; DNS and CERNIC not checked in this comparison
sxie.edu.cn,False,lib/domains/cn/edu/sxie.txt,b2dee08283cfee0ba43630779b6bf702bf5df76e,SWOT observed; DNS and CERNIC not checked in this comparison
sztu.edu.cn,False,lib/domains/cn/edu/sztu.txt,b2dee08283cfee0ba43630779b6bf702bf5df76e,SWOT observed; DNS and CERNIC not checked in this comparison
tjmu.edu.cn,False,lib/domains/cn/edu/tjmu.txt,b2dee08283cfee0ba43630779b6bf702bf5df76e,SWOT observed; DNS and CERNIC not checked in this comparison
tmmu.edu.cn,False,lib/domains/cn/edu/tmmu.txt,b2dee08283cfee0ba43630779b6bf702bf5df76e,SWOT observed; DNS and CERNIC not checked in this comparison
tmu.edu.cn,False,lib/domains/cn/edu/tmu.txt,b2dee08283cfee0ba43630779b6bf702bf5df76e,SWOT observed; DNS and CERNIC not checked in this comparison
ucass.edu.cn,False,lib/domains/cn/edu/ucass.txt,b2dee08283cfee0ba43630779b6bf702bf5df76e,SWOT observed; DNS and CERNIC not checked in this comparison
uic.edu.cn,False,lib/domains/cn/edu/uic.txt,b2dee08283cfee0ba43630779b6bf702bf5df76e,SWOT observed; DNS and CERNIC not checked in this comparison
xaau.edu.cn,False,lib/domains/cn/edu/xaau.txt,b2dee08283cfee0ba43630779b6bf702bf5df76e,SWOT observed; DNS and CERNIC not checked in this comparison
xahu.edu.cn,False,lib/domains/cn/edu/xahu.txt,b2dee08283cfee0ba43630779b6bf702bf5df76e,SWOT observed; DNS and CERNIC not checked in this comparison
xsyu.edu.cn,False,lib/domains/cn/edu/xsyu.txt,b2dee08283cfee0ba43630779b6bf702bf5df76e,SWOT observed; DNS and CERNIC not checked in this comparison
xtit.edu.cn,False,lib/domains/cn/edu/xtit.txt,b2dee08283cfee0ba43630779b6bf702bf5df76e,SWOT observed; DNS and CERNIC not checked in this comparison
ynit.edu.cn,False,lib/domains/cn/edu/ynit.txt,b2dee08283cfee0ba43630779b6bf702bf5df76e,SWOT observed; DNS and CERNIC not checked in this comparison
zafu.edu.cn,False,lib/domains/cn/edu/zafu.txt,b2dee08283cfee0ba43630779b6bf702bf5df76e,SWOT observed; DNS and CERNIC not checked in this comparison
zbti.edu.cn,False,lib/domains/cn/edu/zbti.txt,b2dee08283cfee0ba43630779b6bf702bf5df76e,SWOT observed; DNS and CERNIC not checked in this comparison
zisu.edu.cn,False,lib/domains/cn/edu/zisu.txt,b2dee08283cfee0ba43630779b6bf702bf5df76e,SWOT observed; DNS and CERNIC not checked in this comparison
zyufl.edu.cn,False,lib/domains/cn/edu/zyufl.txt,b2dee08283cfee0ba43630779b6bf702bf5df76e,SWOT observed; DNS and CERNIC not checked in this comparison
